Title,URL
Kaggle Competitions: A Beginner's Guide to Winning,https://www.youtube.com/watch?v=4BOtr1PZ2D8&list=PL7adgeF1zC0Q1BwNpgYfd8iYL1aYXNH2Z&index=1&pp=iAQB
How to Compete in Kaggle | A Complete Beginnerâ€™s Guide! (2025),https://www.youtube.com/watch?v=wSWqIcWPQ8Y&list=PL7adgeF1zC0Q1BwNpgYfd8iYL1aYXNH2Z&index=2&pp=iAQB
Kaggle Data Science Competition Course â€“ Solve Three Challenges Step-by-Step,https://www.youtube.com/watch?v=BV03sQ0srcU&list=PL7adgeF1zC0Q1BwNpgYfd8iYL1aYXNH2Z&index=3&pp=iAQB
Kaggle Competitions 101: Everything You Need to Know to Get Started,https://www.youtube.com/watch?v=BuJ592ZoAzI&list=PL7adgeF1zC0Q1BwNpgYfd8iYL1aYXNH2Z&index=4&pp=iAQB
How to Submit a Kaggle Competition Submission,https://www.youtube.com/watch?v=30NuYj_0sNk&list=PL7adgeF1zC0Q1BwNpgYfd8iYL1aYXNH2Z&index=5&pp=iAQB
Creating Machine Learning Ensembles for Kaggle Competitions,https://www.youtube.com/watch?v=jsRzovB26qU&list=PL7adgeF1zC0Q1BwNpgYfd8iYL1aYXNH2Z&index=6&pp=iAQB
"Ensembling, Blending & Stacking",https://www.youtube.com/watch?v=TuIgtitqJho&list=PL7adgeF1zC0Q1BwNpgYfd8iYL1aYXNH2Z&index=7&pp=iAQB
How To Win A Kaggle Competition- A Data-Centric Approach - OpenCV Live 174,https://www.youtube.com/watch?v=-P_mjTdHi7g&list=PL7adgeF1zC0Q1BwNpgYfd8iYL1aYXNH2Z&index=8&pp=iAQB
3 Steps To Win a Kaggle Competition According To World Number 1,https://www.youtube.com/watch?v=70DvUSPFUZc&list=PL7adgeF1zC0Q1BwNpgYfd8iYL1aYXNH2Z&index=9&pp=iAQB
Kaggle Competition Pipeline Demo,https://www.youtube.com/watch?v=861NAO5-XJo&list=PL7adgeF1zC0Q1BwNpgYfd8iYL1aYXNH2Z&index=10&pp=iAQB
5. Standard End to End Pipeline for Kaggle Submission,https://www.youtube.com/watch?v=UztXgvmCkIQ&list=PL7adgeF1zC0Q1BwNpgYfd8iYL1aYXNH2Z&index=11&pp=iAQB
KAGGLE Competition: Advanced Regression Techniques (END-TO-END),https://www.youtube.com/watch?v=uFG-ncl0tiw&list=PL7adgeF1zC0Q1BwNpgYfd8iYL1aYXNH2Z&index=12&pp=iAQB
What are Keys to Performing Well in Kaggle Competitions?  Grandmaster Panel at #GTC23 with ThÃ©o Viel,https://www.youtube.com/watch?v=L323NxwWW1M&list=PL7adgeF1zC0Q1BwNpgYfd8iYL1aYXNH2Z&index=13&pp=iAQB
How to Get Started with Kaggle | Beginnerâ€™s Guide to Kaggle (2025),https://www.youtube.com/watch?v=L06VjxRv7Lg&list=PL7adgeF1zC0Q1BwNpgYfd8iYL1aYXNH2Z&index=14&pp=iAQB0gcJCQMKAYcqIYzv
Kaggle for Beginners: How to Start ML Competitions in 2025 ðŸš€ (Step by Step Guide),https://www.youtube.com/watch?v=tlPTIgQMCKk&list=PL7adgeF1zC0Q1BwNpgYfd8iYL1aYXNH2Z&index=15&pp=iAQB
Kaggle Dataset Competition Tutorial using Excel for Data Analysis - Jobs Data in Australia - Part 1,https://www.youtube.com/watch?v=TDpX8o6YplU&list=PL7adgeF1zC0Q1BwNpgYfd8iYL1aYXNH2Z&index=16&pp=iAQB
How to Master Kaggle in 2025 | Beginner to Expert Roadmap,https://www.youtube.com/watch?v=gAiWzB0RuLs&list=PL7adgeF1zC0Q1BwNpgYfd8iYL1aYXNH2Z&index=17&pp=iAQB
A Complete Beginnerâ€™s Guide on Kaggle | Kaggle Competition | Bangla,https://www.youtube.com/watch?v=4n1algYgx5Y&list=PL7adgeF1zC0Q1BwNpgYfd8iYL1aYXNH2Z&index=18&pp=iAQB
Kaggle Competition - House Prices: Advanced Regression Techniques Part1,https://www.youtube.com/watch?v=vtm35gVP8JU&list=PL7adgeF1zC0Q1BwNpgYfd8iYL1aYXNH2Z&index=19&pp=iAQB
Kaggle Competition - House Prices Regression Techniques(Hyperparameter Tuning)-Part 2,https://www.youtube.com/watch?v=htXcQPsaGWw&list=PL7adgeF1zC0Q1BwNpgYfd8iYL1aYXNH2Z&index=20&pp=iAQB
Kaggle Competition- I Used Deep Learning Technique and did the Accuracy Increase? Part 3,https://www.youtube.com/watch?v=UWA2wHmajFk&list=PL7adgeF1zC0Q1BwNpgYfd8iYL1aYXNH2Z&index=21&pp=iAQB
Kaggle Competition- Predict Stock Price Movement Based On News Headline using NLP,https://www.youtube.com/watch?v=h-LGjJ_oANs&list=PL7adgeF1zC0Q1BwNpgYfd8iYL1aYXNH2Z&index=22&pp=iAQB
Kaggle Competition- Implement A DNA Classifier using NLP,https://www.youtube.com/watch?v=7j-XbF8ABiM&list=PL7adgeF1zC0Q1BwNpgYfd8iYL1aYXNH2Z&index=23&pp=iAQB
Kaggle Competition- Predicting PIMA Diabetes Prediction using Machine Learning,https://www.youtube.com/watch?v=BIgvIrCGBZE&list=PL7adgeF1zC0Q1BwNpgYfd8iYL1aYXNH2Z&index=24&pp=iAQB
Kaggle Competition- Dengue or Malaria Prediction Using Transfer Learning VGG19,https://www.youtube.com/watch?v=NjvX4BhOjOw&list=PL7adgeF1zC0Q1BwNpgYfd8iYL1aYXNH2Z&index=25&pp=iAQB
Complete Kaggle Guide || Crack ML Interns at Startups,https://www.youtube.com/watch?v=ZEGhubAzfAE&list=PL7adgeF1zC0Q1BwNpgYfd8iYL1aYXNH2Z&index=26&pp=iAQB
Kaggle Meta Analysis Competition Notebook Walkthrough,https://www.youtube.com/watch?v=O-tIvCNym3M&list=PL7adgeF1zC0Q1BwNpgYfd8iYL1aYXNH2Z&index=27&pp=iAQB
Kaggle A Beginner's Guide Part 1,https://www.youtube.com/watch?v=wN_FbiCy_Zc&list=PL7adgeF1zC0Q1BwNpgYfd8iYL1aYXNH2Z&index=28&pp=iAQB
Master Data Science with Kaggle Courses | Learn Machine Learning & AI for Free!,https://www.youtube.com/watch?v=uvAckigVkfY&list=PL7adgeF1zC0Q1BwNpgYfd8iYL1aYXNH2Z&index=29&pp=iAQB
How to Find and Use Kaggle Datasets in Your Project | Kaggle Datasets for Data Science & ML,https://www.youtube.com/watch?v=krkS9u140tM&list=PL7adgeF1zC0Q1BwNpgYfd8iYL1aYXNH2Z&index=30&pp=iAQB
How to Make Predictions & Submit to Kaggle (Step-by-Step for Beginners),https://www.youtube.com/watch?v=oCFLWZhxzCA&list=PL7adgeF1zC0Q1BwNpgYfd8iYL1aYXNH2Z&index=31&pp=iAQB
Predicting Flight Choices: A Deep Dive into a Kaggle Competition Notebook (FlightRank 2025),https://www.youtube.com/watch?v=ZQDhbqhQ_Fc&list=PL7adgeF1zC0Q1BwNpgYfd8iYL1aYXNH2Z&index=32&pp=iAQB
Kaggle Solutions Winners Walkthrough: LLMs - You Can't Please Them All (Team sash & 4eta),https://www.youtube.com/watch?v=giWxqoZUWmI&list=PL7adgeF1zC0Q1BwNpgYfd8iYL1aYXNH2Z&index=33&pp=iAQB
Beyond Competitions: Kaggle's Evolution & the Future of ML | Meta Kaggle Competition Demo,https://www.youtube.com/watch?v=MibDEOfE_eQ&list=PL7adgeF1zC0Q1BwNpgYfd8iYL1aYXNH2Z&index=34&pp=iAQB
Getting Started with Kaggle | Beginner's Guide to Data Science Competitions,https://www.youtube.com/watch?v=F-OhwoJ1SN0&list=PL7adgeF1zC0Q1BwNpgYfd8iYL1aYXNH2Z&index=35&pp=iAQB
